<XMLDB xmlns:xsi="http://www.w3.org/2001/XMLSchema-instance" PATH="local/pages/db" VERSION="20150505" COMMENT="XMLDB file for Moodle local/pages" xsi:noNamespaceSchemaLocation="../../../lib/xmldb/xmldb.xsd">
    <TABLES>
        <TABLE NAME="local_pages" COMMENT="Custom Page">
            <FIELDS>
                <FIELD NAME="id" TYPE="int" LENGTH="10" NOTNULL="true" SEQUENCE="true" />
                <FIELD NAME="pagename" TYPE="text" NOTNULL="true" SEQUENCE="false" />
                <FIELD NAME="meta" TYPE="text" NOTNULL="false" SEQUENCE="false" />
                <FIELD NAME="pagecontent" TYPE="text" LENGTH="1" NOTNULL="false" SEQUENCE="false" />
                <FIELD NAME="pageparent" TYPE="int" LENGTH="10" NOTNULL="false" DEFAULT="0" SEQUENCE="false" />
				<FIELD NAME="deleted" TYPE="int" LENGTH="1" NOTNULL="false" DEFAULT="0" SEQUENCE="false" />
				<FIELD NAME="pagedate" TYPE="int" LENGTH="10" NOTNULL="false" DEFAULT="0" SEQUENCE="false" />
				<FIELD NAME="pageorder" TYPE="int" LENGTH="10" NOTNULL="false" DEFAULT="0" SEQUENCE="false" />
				<FIELD NAME="onmenu" TYPE="int" LENGTH="1" NOTNULL="false" DEFAULT="0" SEQUENCE="false" />
				<FIELD NAME="accesslevel" TYPE="text" NOTNULL="false"  SEQUENCE="false" />
                <FIELD NAME="menuicon" TYPE="text" NOTNULL="false" SEQUENCE="false" />
				<FIELD NAME="menuname" TYPE="text" NOTNULL="true" SEQUENCE="false" />
				<FIELD NAME="pagedata" TYPE="text" NOTNULL="false" SEQUENCE="false" />
				<FIELD NAME="pagetype" TYPE="text" NOTNULL="false" SEQUENCE="false" />
				<FIELD NAME="pagelayout" TYPE="text" NOTNULL="false" SEQUENCE="false" />
				<FIELD NAME="emailto" TYPE="text" NOTNULL="false" SEQUENCE="false" />
            </FIELDS>
            <KEYS>
                <KEY NAME="primary" TYPE="primary" FIELDS="id" />
            </KEYS>
        </TABLE>
		<TABLE NAME="local_pageslogging" COMMENT="logging Page">
            <FIELDS>
                <FIELD NAME="id" TYPE="int" LENGTH="10" NOTNULL="true" SEQUENCE="true" />
                <FIELD NAME="formcontent" TYPE="text" NOTNULL="false" SEQUENCE="false" />
				<FIELD NAME="formname" TYPE="text" NOTNULL="false" SEQUENCE="false" />
				<FIELD NAME="formdate" TYPE="int" LENGTH="10" NOTNULL="false" DEFAULT="0" SEQUENCE="false" />
            </FIELDS>
            <KEYS>
                <KEY NAME="primary" TYPE="primary" FIELDS="id" />
            </KEYS>
        </TABLE>
    </TABLES>
</XMLDB>
